{"overrides":[{"predicate":{"custom_model_data":1},"model":"modelengine:orc_warrior/body"},{"predicate":{"custom_model_data":2},"model":"modelengine:orc_warrior/head"},{"predicate":{"custom_model_data":3},"model":"modelengine:orc_warrior/leftarm"},{"predicate":{"custom_model_data":4},"model":"modelengine:orc_warrior/rightleg"},{"predicate":{"custom_model_data":5},"model":"modelengine:orc_warrior/rightarm"},{"predicate":{"custom_model_data":6},"model":"modelengine:orc_warrior/leftleg"}],"parent":"minecraft:item/generated","textures":{"layer0":"minecraft:item/leather_horse_armor"}}