{"textures":{"0":"modelengine:entity/orc_warrior","particle":"#0"},"elements":[{"from":[8.0,20.0,7.0],"to":[12.0,24.0,11.0],"faces":{"east":{"uv":[4.0,2.0,6.0,4.0],"tintindex":0,"rotation":0,"texture":"#0"},"south":{"uv":[2.0,2.0,4.0,4.0],"tintindex":0,"rotation":0,"texture":"#0"},"north":{"uv":[2.0,0.0,4.0,2.0],"tintindex":0,"rotation":0,"texture":"#0"},"west":{"uv":[0.0,2.0,2.0,4.0],"tintindex":0,"rotation":0,"texture":"#0"},"up":{"uv":[8.0,4.0,6.0,2.0],"tintindex":0,"rotation":0,"texture":"#0"},"down":{"uv":[6.0,0.0,4.0,2.0],"tintindex":0,"rotation":0,"texture":"#0"}}},{"from":[7.5,20.0,6.5],"to":[12.5,24.5,11.5],"faces":{"east":{"uv":[12.0,2.0,14.0,4.0],"tintindex":0,"rotation":0,"texture":"#0"},"south":{"uv":[10.0,2.0,12.0,4.0],"tintindex":0,"rotation":0,"texture":"#0"},"north":{"uv":[14.0,2.0,16.0,4.0],"tintindex":0,"rotation":0,"texture":"#0"},"west":{"uv":[8.0,2.0,10.0,4.0],"tintindex":0,"rotation":0,"texture":"#0"},"up":{"uv":[10.0,0.0,12.0,2.0],"tintindex":0,"rotation":0,"texture":"#0"},"down":{"uv":[12.0,0.0,14.0,2.0],"tintindex":0,"rotation":0,"texture":"#0"}}}],"display":{"head":{"rotation":[0.0,0.0,0.0]},"firstperson_righthand":{"rotation":[0.0,0.0,0.0]},"thirdperson_lefthand":{"rotation":[0.0,-0.0,-0.0]},"firstperson_lefthand":{"rotation":[0.0,-0.0,-0.0]},"fixed":{"rotation":[0.0,0.0,0.0]},"ground":{"rotation":[0.0,0.0,0.0]},"thirdperson_righthand":{"rotation":[0.0,0.0,0.0]},"gui":{"rotation":[-150.0,-45.0,180.0]}}}