{"textures":{"0":"modelengine:entity/orc_warrior","particle":"#0"},"elements":[{"from":[12.0,14.0,8.0],"to":[14.0,20.0,10.0],"faces":{"east":{"uv":[3.0,5.0,4.0,8.0],"tintindex":0,"rotation":0,"texture":"#0"},"south":{"uv":[0.0,5.0,1.0,8.0],"tintindex":0,"rotation":0,"texture":"#0"},"north":{"uv":[2.0,5.0,3.0,8.0],"tintindex":0,"rotation":0,"texture":"#0"},"west":{"uv":[1.0,5.0,2.0,8.0],"tintindex":0,"rotation":0,"texture":"#0"},"up":{"uv":[1.0,4.0,2.0,5.0],"tintindex":0,"rotation":0,"texture":"#0"},"down":{"uv":[2.0,8.0,3.0,9.0],"tintindex":0,"rotation":0,"texture":"#0"}}},{"from":[12.0,13.5,7.5],"to":[14.5,20.5,10.5],"faces":{"east":{"uv":[14.0,13.0,15.0,16.0],"tintindex":0,"rotation":0,"texture":"#0"},"south":{"uv":[13.0,13.0,14.0,16.0],"tintindex":0,"rotation":0,"texture":"#0"},"north":{"uv":[15.0,13.0,16.0,16.0],"tintindex":0,"rotation":0,"texture":"#0"},"west":{"uv":[12.0,13.0,13.0,15.5],"tintindex":0,"rotation":0,"texture":"#0"},"up":{"uv":[13.0,12.0,14.0,13.0],"tintindex":0,"rotation":0,"texture":"#0"},"down":{"uv":[12.0,8.0,13.0,9.0],"tintindex":0,"rotation":0,"texture":"#0"}}}],"display":{"head":{"rotation":[0.0,0.0,0.0]},"firstperson_righthand":{"rotation":[0.0,0.0,0.0]},"thirdperson_lefthand":{"rotation":[0.0,-0.0,-0.0]},"firstperson_lefthand":{"rotation":[0.0,-0.0,-0.0]},"fixed":{"rotation":[0.0,0.0,0.0]},"ground":{"rotation":[0.0,0.0,0.0]},"thirdperson_righthand":{"rotation":[0.0,0.0,0.0]},"gui":{"rotation":[-150.0,-45.0,180.0]}}}