{"textures":{"0":"modelengine:entity/orc_warrior","particle":"#0"},"elements":[{"from":[7.0,8.0,7.0],"to":[12.0,20.0,13.0],"faces":{"east":{"uv":[2.0,13.0,3.0,16.0],"tintindex":0,"rotation":0,"texture":"#0"},"south":{"uv":[1.0,13.0,2.0,16.0],"tintindex":0,"rotation":0,"texture":"#0"},"north":{"uv":[3.0,13.0,4.0,16.0],"tintindex":0,"rotation":0,"texture":"#0"},"west":{"uv":[0.0,13.0,1.0,16.0],"tintindex":0,"rotation":0,"texture":"#0"},"up":{"uv":[1.0,12.0,2.0,13.0],"tintindex":0,"rotation":0,"texture":"#0"},"down":{"uv":[2.0,12.0,3.0,13.0],"tintindex":0,"rotation":0,"texture":"#0"}}},{"from":[8.0,8.0,8.0],"to":[12.0,20.0,12.0],"faces":{"east":{"uv":[7.0,13.0,8.0,16.0],"tintindex":0,"rotation":0,"texture":"#0"},"south":{"uv":[4.0,13.0,5.0,16.0],"tintindex":0,"rotation":0,"texture":"#0"},"north":{"uv":[6.0,13.0,7.0,16.0],"tintindex":0,"rotation":0,"texture":"#0"},"west":{"uv":[5.0,13.0,6.0,16.0],"tintindex":0,"rotation":0,"texture":"#0"},"up":{"uv":[5.0,12.0,6.0,13.0],"tintindex":0,"rotation":0,"texture":"#0"},"down":{"uv":[6.0,12.0,7.0,13.0],"tintindex":0,"rotation":0,"texture":"#0"}}}],"display":{"head":{"rotation":[0.0,0.0,0.0]},"firstperson_righthand":{"rotation":[0.0,0.0,0.0]},"thirdperson_lefthand":{"rotation":[0.0,-0.0,-0.0]},"firstperson_lefthand":{"rotation":[0.0,-0.0,-0.0]},"fixed":{"rotation":[0.0,0.0,0.0]},"ground":{"rotation":[0.0,0.0,0.0]},"thirdperson_righthand":{"rotation":[0.0,0.0,0.0]},"gui":{"rotation":[-150.0,-45.0,180.0]}}}