{"textures":{"0":"modelengine:entity/orc_warrior","particle":"#0"},"elements":[{"from":[5.5,13.5,7.5],"to":[8.0,20.5,10.5],"faces":{"east":{"uv":[2.0,9.0,3.0,12.0],"tintindex":0,"rotation":0,"texture":"#0"},"south":{"uv":[1.0,9.0,2.0,12.0],"tintindex":0,"rotation":0,"texture":"#0"},"north":{"uv":[3.0,9.0,4.0,12.0],"tintindex":0,"rotation":0,"texture":"#0"},"west":{"uv":[0.0,9.0,1.0,12.0],"tintindex":0,"rotation":0,"texture":"#0"},"up":{"uv":[1.0,12.0,2.0,13.0],"tintindex":0,"rotation":0,"texture":"#0"},"down":{"uv":[1.0,12.0,2.0,13.0],"tintindex":0,"rotation":0,"texture":"#0"}}},{"from":[6.0,14.0,8.0],"to":[8.0,20.0,10.0],"faces":{"east":{"uv":[13.0,5.0,14.0,8.0],"tintindex":0,"rotation":0,"texture":"#0"},"south":{"uv":[10.0,5.0,11.0,8.0],"tintindex":0,"rotation":0,"texture":"#0"},"north":{"uv":[12.0,5.0,13.0,8.0],"tintindex":0,"rotation":0,"texture":"#0"},"west":{"uv":[11.0,5.0,12.0,8.0],"tintindex":0,"rotation":0,"texture":"#0"},"up":{"uv":[11.0,4.0,12.0,5.0],"tintindex":0,"rotation":0,"texture":"#0"},"down":{"uv":[12.0,4.0,13.0,5.0],"tintindex":0,"rotation":0,"texture":"#0"}}}],"display":{"head":{"rotation":[0.0,0.0,0.0]},"firstperson_righthand":{"rotation":[0.0,0.0,0.0]},"thirdperson_lefthand":{"rotation":[0.0,-0.0,-0.0]},"firstperson_lefthand":{"rotation":[0.0,-0.0,-0.0]},"fixed":{"rotation":[0.0,0.0,0.0]},"ground":{"rotation":[0.0,0.0,0.0]},"thirdperson_righthand":{"rotation":[0.0,0.0,0.0]},"gui":{"rotation":[-150.0,-45.0,180.0]}}}