{"textures":{"0":"modelengine:entity/kindletronsr4","particle":"#0"},"elements":[{"from":[6.0,6.0,4.0],"to":[10.0,8.0,7.0],"faces":{"east":{"uv":[7.125,9.0,7.5,9.25],"tintindex":0,"rotation":0,"texture":"#0"},"south":{"uv":[10.875,8.25,11.375,8.5],"tintindex":0,"rotation":0,"texture":"#0"},"north":{"uv":[10.5,9.375,11.0,9.625],"tintindex":0,"rotation":0,"texture":"#0"},"west":{"uv":[11.0,9.375,11.375,9.625],"tintindex":0,"rotation":0,"texture":"#0"},"up":{"uv":[12.875,9.875,12.375,9.5],"tintindex":0,"rotation":0,"texture":"#0"},"down":{"uv":[12.875,9.875,12.375,10.25],"tintindex":0,"rotation":0,"texture":"#0"}}},{"from":[5.0,8.0,4.0],"to":[11.0,11.0,9.0],"faces":{"east":{"uv":[10.75,3.625,11.375,4.0],"tintindex":0,"rotation":0,"texture":"#0"},"south":{"uv":[9.25,12.25,10.0,12.625],"tintindex":0,"rotation":0,"texture":"#0"},"north":{"uv":[12.25,9.125,13.0,9.5],"tintindex":0,"rotation":0,"texture":"#0"},"west":{"uv":[12.375,4.875,13.0,5.25],"tintindex":0,"rotation":0,"texture":"#0"},"up":{"uv":[12.25,9.625,11.5,9.0],"tintindex":0,"rotation":0,"texture":"#0"},"down":{"uv":[12.375,6.5,11.625,7.125],"tintindex":0,"rotation":0,"texture":"#0"}}}],"display":{"head":{"rotation":[0.0,0.0,0.0]},"firstperson_righthand":{"rotation":[0.0,0.0,0.0]},"thirdperson_lefthand":{"rotation":[0.0,-0.0,-0.0]},"firstperson_lefthand":{"rotation":[0.0,-0.0,-0.0]},"fixed":{"rotation":[0.0,0.0,0.0]},"ground":{"rotation":[0.0,0.0,0.0]},"thirdperson_righthand":{"rotation":[0.0,0.0,0.0]},"gui":{"rotation":[-150.0,-45.0,180.0]}}}