{"textures":{"0":"modelengine:entity/kindletronsr4","particle":"#0"},"elements":[{"from":[2.0857868,-4.0,5.0],"to":[8.085787,13.0,11.0],"faces":{"east":{"uv":[1.5,9.5,2.25,11.625],"tintindex":0,"rotation":0,"texture":"#0"},"south":{"uv":[2.25,9.5,3.0,11.625],"tintindex":0,"rotation":0,"texture":"#0"},"north":{"uv":[7.875,9.25,8.625,11.375],"tintindex":0,"rotation":0,"texture":"#0"},"west":{"uv":[3.0,9.5,3.75,11.625],"tintindex":0,"rotation":0,"texture":"#0"},"up":{"uv":[3.625,12.375,2.875,11.625],"tintindex":0,"rotation":0,"texture":"#0"},"down":{"uv":[4.375,11.625,3.625,12.375],"tintindex":0,"rotation":0,"texture":"#0"}}},{"from":[3.0857868,-5.5784264,9.43198],"to":[7.085787,-1.5784264,13.43198],"faces":{"east":{"uv":[12.875,4.375,12.375,4.875],"tintindex":0,"rotation":0,"texture":"#0"},"south":{"uv":[12.875,3.875,12.375,4.375],"tintindex":0,"rotation":0,"texture":"#0"},"north":{"uv":[12.125,7.125,11.625,7.625],"tintindex":0,"rotation":0,"texture":"#0"},"west":{"uv":[4.125,12.375,3.625,12.875],"tintindex":0,"rotation":0,"texture":"#0"},"up":{"uv":[12.375,7.0,12.875,6.5],"tintindex":0,"rotation":0,"texture":"#0"},"down":{"uv":[7.625,12.375,8.125,12.875],"tintindex":0,"rotation":0,"texture":"#0"}},"rotation":{"origin":[5.085787,-0.25,8.042893],"angle":45.0,"axis":"x"}}],"display":{"head":{"rotation":[0.0,0.0,0.0]},"firstperson_righthand":{"rotation":[0.0,0.0,0.0]},"thirdperson_lefthand":{"rotation":[0.0,-0.0,-0.0]},"firstperson_lefthand":{"rotation":[0.0,-0.0,-0.0]},"fixed":{"rotation":[0.0,0.0,0.0]},"ground":{"rotation":[0.0,0.0,0.0]},"thirdperson_righthand":{"rotation":[0.0,0.0,0.0]},"gui":{"rotation":[-150.0,-45.0,180.0]}}}