{"textures":{"0":"modelengine:entity/kindletronsr4","particle":"#0"},"elements":[{"from":[8.0,0.9000001,5.0],"to":[10.0,11.0,10.0],"faces":{"east":{"uv":[0.875,10.25,1.5,11.5],"tintindex":0,"rotation":0,"texture":"#0"},"south":{"uv":[8.375,12.25,8.625,13.5],"tintindex":0,"rotation":0,"texture":"#0"},"north":{"uv":[6.75,12.25,7.0,13.5],"tintindex":0,"rotation":0,"texture":"#0"},"west":{"uv":[7.0,11.375,7.625,12.625],"tintindex":0,"rotation":0,"texture":"#0"},"up":{"uv":[4.375,13.0,4.125,12.375],"tintindex":0,"rotation":0,"texture":"#0"},"down":{"uv":[8.375,12.375,8.125,13.0],"tintindex":0,"rotation":0,"texture":"#0"}}},{"from":[8.0,-2.0,5.0],"to":[10.0,1.0,7.0],"faces":{"east":{"uv":[12.5,10.25,12.75,10.625],"tintindex":0,"rotation":0,"texture":"#0"},"south":{"uv":[12.5,10.625,12.75,11.0],"tintindex":0,"rotation":0,"texture":"#0"},"north":{"uv":[6.125,12.5,6.375,12.875],"tintindex":0,"rotation":0,"texture":"#0"},"west":{"uv":[12.5,11.0,12.75,11.375],"tintindex":0,"rotation":0,"texture":"#0"},"up":{"uv":[5.0,11.875,4.75,11.625],"tintindex":0,"rotation":0,"texture":"#0"},"down":{"uv":[5.75,12.625,5.5,12.875],"tintindex":0,"rotation":0,"texture":"#0"}}},{"from":[10.0,5.8999996,5.0],"to":[12.0,11.0,10.0],"faces":{"east":{"uv":[12.125,5.25,12.75,5.875],"tintindex":0,"rotation":0,"texture":"#0"},"south":{"uv":[0.0,12.5,0.25,13.125],"tintindex":0,"rotation":0,"texture":"#0"},"north":{"uv":[12.375,12.125,12.625,12.75],"tintindex":0,"rotation":0,"texture":"#0"},"west":{"uv":[12.25,0.0,12.875,0.625],"tintindex":0,"rotation":0,"texture":"#0"},"up":{"uv":[0.5,13.125,0.25,12.5],"tintindex":0,"rotation":0,"texture":"#0"},"down":{"uv":[0.75,12.5,0.5,13.125],"tintindex":0,"rotation":0,"texture":"#0"}}}],"display":{"head":{"rotation":[0.0,0.0,0.0]},"firstperson_righthand":{"rotation":[0.0,0.0,0.0]},"thirdperson_lefthand":{"rotation":[0.0,-0.0,-0.0]},"firstperson_lefthand":{"rotation":[0.0,-0.0,-0.0]},"fixed":{"rotation":[0.0,0.0,0.0]},"ground":{"rotation":[0.0,0.0,0.0]},"thirdperson_righthand":{"rotation":[0.0,0.0,0.0]},"gui":{"rotation":[-150.0,-45.0,180.0]}}}