{"textures":{"0":"modelengine:entity/kindletronsr4","particle":"#0"},"elements":[{"from":[7.414213,1.0,0.0],"to":[19.414213,20.0,14.0],"faces":{"east":{"uv":[0.0,3.875,1.75,6.25],"tintindex":0,"rotation":0,"texture":"#0"},"south":{"uv":[5.0,5.125,6.5,7.5],"tintindex":0,"rotation":0,"texture":"#0"},"north":{"uv":[3.5,5.125,5.0,7.5],"tintindex":0,"rotation":0,"texture":"#0"},"west":{"uv":[1.75,3.875,3.5,6.25],"tintindex":0,"rotation":0,"texture":"#0"},"up":{"uv":[3.0,8.0,1.5,6.25],"tintindex":0,"rotation":0,"texture":"#0"},"down":{"uv":[7.875,3.0,6.375,4.75],"tintindex":0,"rotation":0,"texture":"#0"}}},{"from":[10.414213,-7.0,6.0857863],"to":[14.414213,-3.0,10.085787],"faces":{"east":{"uv":[3.625,12.375,4.125,12.875],"tintindex":0,"rotation":0,"texture":"#0"},"south":{"uv":[12.375,3.875,12.875,4.375],"tintindex":0,"rotation":0,"texture":"#0"},"north":{"uv":[11.625,7.125,12.125,7.625],"tintindex":0,"rotation":0,"texture":"#0"},"west":{"uv":[12.375,4.375,12.875,4.875],"tintindex":0,"rotation":0,"texture":"#0"},"up":{"uv":[12.875,7.0,12.375,6.5],"tintindex":0,"rotation":0,"texture":"#0"},"down":{"uv":[8.125,12.375,7.625,12.875],"tintindex":0,"rotation":0,"texture":"#0"}},"rotation":{"origin":[12.414213,-5.0,8.085787],"angle":45.0,"axis":"x"}},{"from":[9.414213,-4.0,5.0],"to":[15.414213,1.0,11.0],"faces":{"east":{"uv":[9.125,11.625,9.875,12.25],"tintindex":0,"rotation":0,"texture":"#0"},"south":{"uv":[11.625,9.625,12.375,10.25],"tintindex":0,"rotation":0,"texture":"#0"},"north":{"uv":[8.375,11.625,9.125,12.25],"tintindex":0,"rotation":0,"texture":"#0"},"west":{"uv":[9.875,11.625,10.625,12.25],"tintindex":0,"rotation":0,"texture":"#0"},"up":{"uv":[12.25,9.0,11.5,8.25],"tintindex":0,"rotation":0,"texture":"#0"},"down":{"uv":[11.75,11.5,11.0,12.25],"tintindex":0,"rotation":0,"texture":"#0"}}}],"display":{"head":{"rotation":[0.0,0.0,0.0]},"firstperson_righthand":{"rotation":[0.0,0.0,0.0]},"thirdperson_lefthand":{"rotation":[0.0,-0.0,-0.0]},"firstperson_lefthand":{"rotation":[0.0,-0.0,-0.0]},"fixed":{"rotation":[0.0,0.0,0.0]},"ground":{"rotation":[0.0,0.0,0.0]},"thirdperson_righthand":{"rotation":[0.0,0.0,0.0]},"gui":{"rotation":[-150.0,-45.0,180.0]}}}